Researcher,Overview,book,"length (pages, time stamp, slide #) ",text type,summary,author,year of publication,Text Complexity,Qualitative measures,levels of meaning,text structure,language conventionality and clarity,knowledge demands,Quantitative measure descriptors,lexile level,Flesch-Kincaid,ATOS Reading Level,reader maturity,Instructional Merit Descriptors,genre,theme/topic,subgenre,cultural experience 
,,Romeo And Juliet,257.0,drama,Shakespeare's play about two young people who defy their warring families' prejudices and dare to fall in love.,Wiliam Shakespeare,1595,,,Very Complex,Very Complex,Exceedingly Complex,Very Complex,,700,15.0,8.6,8 to 12 ,,"classic, drama",tragedy,"vendetta, romantic, tear-jerker, british, european, forbidden love, family feuds",
,,To Kill A Mockingbird,323.0,novel ,"Scout Finch, daughter of the town lawyer, likes to spend her summers building treehouses, swimming, and catching lightning bugs with her big brother Jem. But one summer, when a black man is accused of raping a white woman, Scout's carefree days come to an end. In the county courtroom, she will join her father in a desperate battle against ignorance and prejudice.",Harper Lee,1960,,,Very Complex,Very Complex,Very Complex,Very Complex,,790,7.72,7.03,7 to 12 ,,historical fiction,facing racism,"bittersweet, moving, thought-provoking, modern classic, racism",
,,Great Gatsby,216.0,novel ,"Newly rich Jay Gatsby tries to recapture the past and win back Daisy Buchanan, his former love, despite the fact she has married.",F. Scott Fitzgerald,1925,,,Very Complex,Moderately Complex,Very Complex,Very Complex,,1010,11.0,7.3,10 to 12 ,,realistic fiction,"revenge love, class and society","romantic, american dream, revenge love, forbidden love, atmospheric",
,,Of Mice And Men,118.0,novel ,"The tragic story of two itinerant ranch hands on the run during the Great Depression--one is the lifelong companion to the other, a developmentally disabled man.",John Steinbeck,1937,,,Moderately Complex,Moderately Complex,Moderately Complex,Moderately Complex,,630,5.34,5.14,7 to 12 ,,realistic fiction,"pursuit of happiness, toxic capitalism","bleak, haunting, melancholy, moving, flawed friendship, social justice, American dream",
,,Lord Of The Flies,224.0,novel ,The classic study of human nature which depicts the degeneration of a group of schoolboys marooned on a desert island.,William Golding,1954,,,Very Complex,Very Complex,Very Complex,Very Complex,,770,7.03,7.72,7 to 12 ,,psychological fiction,"human nature, loss of innocence","bleak, thought-provoking, disturbing, haunting, teen-drama",
,,Fahrenheit 451,249.0,novel ,"Guy Montag's career focuses on burning books, until he begins stealing books and rebeling against his oppressive society. ",Ray Bradbury,1953,,,Very Complex,Very Complex,Very Complex,Very complex,,890,7.0,5.2,9 to 12 ,,dystopian fiction,"censorship, individuality ","science fiction, influence of mass media, reliance on technology, totalitarian society, surveillance, oppression, politics",
,,Animal Farm,141.0,novella,"After overthrowing their human owner, the animals on the farm create a society that is also corrupted and tyrannical due to an unequal balance of power. ",George Orwell,1945,,,Very Complex,Moderately Complex,Moderately Complex,Very Complex,,1170,8.9,7.3,9 to 11 ,,"satire, fable","class corruption, propaganda","allegory, dystopian fiction, classic, thought-provoking, soviet union",
,,Julius Caesar,256.0,drama,"A tragedy that chronicles the political conspiracy against the Roman dictator Julius Caesar, his assassination, and its aftermath.",William Shakespeare,1599,,,Very Complex,Very Complex,Exceedingly Complex,Very Complex,,740,7.55,10.8,9 to 12 ,,"classic, drama","ambition, fate vs. free will","tragedy, historical fiction, roman, deception, superstitions, heroism",Roman Play
,,Macbeth,240.0,drama,"A tragedy that follows the rise and fall of Macbeth, whose unchecked ambition leads him down a path of murder and tyranny.",William Shakespeare,1623,,,Very Complex,Very Complex,Exceedingly Complex,Very Complex,,1390,10.0,8.5,10 to 12 ,,"classic, drama","unchecked ambition, guilt","tragedy, european, supernatural, morality, gender roles, classic, moral ambiguity",
,,1984,328.0,novel ,"The Party exercises absolute control over every aspect of life, but Winston Smith secretly rebels against the oppressive regime by seeking truth and love.",George Orwell ,1949,,,Moderately Complex ,Very Complex,Moderately Complex,Very Complex,,1090,8.0,8.9,11 to 12 ,,dystopian fiction,"totalitarianism, technological control","science fiction, manipulation, thought-provoking, individuality, surveillance, revolution",
,,The Odyssey,384.0,epic poem,An epic poem that follows the adventures of Odysseus as he struggles to return home after the Trojan War. ,Homer,1614,,,Very Complex,Exceedingly complex,Exceedingly Complex,Very complex ,,1310,11.0,10.3,9 to 12 ,,epic poem,"the power of the mind, the danger of temptation","mythology, fable, allegory, adventure, classic, dramatic, homecoming",
,,Night,116.0,novel ,"A memoir that recounts the Elie Wiesel's experiences as a Jewish teenager during the Holocaust, which included the loss of family, starvation, violence, and the threat of death. ",Elie Wiesel,1956,,,Very Complex,Moderately Complex,Moderately Complex,Very complex ,,570,5.34,4.8,7 to 12 ,,autobiography,"silence,  prejudice, loss of innocence","non-fiction, memoir, tragedy, historical fiction, hardship, somber, bewildering ",Holocaust/Jewish
,,The Crucible ,154.0,novel ,"A play that explores the hysteria and paranoia that grip the Puritan town of Salem, Massachusetts, after a group of young girls is caught dancing in the woods, leading to executions because of fear, personal vendettas, and the towns rigid religious beliefs. ",Arthur Miller ,1953,,,Very Complex,Moderately Complex,Very Complex,Exceedingly Complex,,1320,7.0,4.9,9 to 12 ,,"classic, drama","mass hysteria, faith vs. knowledge","tragedy, historical fiction, supernatural, allegory, dramatic, vendetta",
,,The Scarlet Letter,175.0,novel ,"Hester Prynne bears an illegitimate child and is condemned to wear a scarlet letter ""A"" on her chest as a symbol of her adultery, but remains strong and dignified eve in the harshness of Puritanical society. ",Nathaniel Hawthorne,1850,,,Very Complex,Exceedingly complex,Exceedingly Complex ,Very complex ,,1340,8.0,11.7,10 to 12 ,,dark romanticism,"judgement, personal and public truth","gothic, historical fiction, allegory, dystopian, classic, gender",
,,Huckleberry Finn,362.0,novel ,"Huck travels the Mississippi River with Jim, a runaway slave, and has to grapple with his conscience and societal norms, as he begins to see Jim as a friend and equal.",Mark Twain,1884,,,Very Complex,Very Complex,Very Complex,Very complex ,,980,10.0,6.6,8 to 12 ,,adventure fiction,"facing racism, independence","satire, picaresque, coming of age, classic, historical, friendship",
,,Grapes Of Wrath,464.0,novel ,"The novel portrays the Joad's struggle for dignity and justice amid harsh conditions, as they travel from Oklahoma to California during the Great Depression. ",John Steinbeck,1939,,,Very Complex,Moderately Complex,Moderately Complex,Moderately Complex,,680,7.8,4.9,10 to 12 ,,historical fiction,"Inhumanity towards others, perseverance ","realism, naturalism, social change, moving, thought-provoking",
,,Speak,197.0,novel ,"After growing withdran after a traumatic event at a summer paper, Melinda must learn how to reclaim her voice by confronting her trauma and expressing herself. ",Laurie Halse Anderson,1999,,,Very Complex,Moderately Complex,Moderately Complex,Very complex ,,690,5.0,4.5,7 to 10 ,,realistic fiction,"isolation, identity ","coming of age, trauma, young adult literature, friendship, guilt",
,,Hamlet,352.0,drama,"A tragedy that follows Prince Hamlet's quest for revenge, where his turbulent behavior leads to madness and death all around him. ",William Shakespeare,1603,,,Very Complex,Very Complex,Exceedingly Complex ,Very complex ,,800,9.0,10.5,8 to 12 ,,"classic, drama","revenge, mortality ","tragedy, european, supernatural, gender, madness, family and grief, doubt",
,,Frankenstein,280.0,novel ,"Victor Frankenstein creates Frankenstein during a scientific experiement, and has to face the consequences of his ambition when Frankenstein seeks revenge against him. ",Mary Shelley ,1818,,,Very Complex,Exceedingly complex,Exceedingly Complex , Very Complex,,1040,9.6,12.4,10 to 12 ,,gothic fiction,"prejudice, isolation","science fiction, horror, romantic, nature, free will, exploration, knowledge ",
,,Beowulf,252.0,epic poem,"The story of a Scandinavian hero, Beowulf, who defeats the monster Grendel, Grendel's mother, and a dragon, but dies soon after, with both honor and respect from others. ",Unknown,1815,,,Very Complex,Exceedingly complex,Exceedingly Complex,Very Complex,,1090,10.0,10.4,11 to 12 ,,epic poem,"the value of reputation, courage","elegy, fantasy, war, classic, medieval, dramatic, tragic",
,,Canterbury Tales,528.0,novel ,"A collection of stories told by a group of pilgrims on their journey to the shrine of Saint Thomas Becket in Canterbury. Each pilgrim agrees to tell tales to pass the time, clueing the reader into what medieval society looked like. ",Geoffrey Chaucer,1392,,,Very Complex,Exceedingly complex,Exceedingly complex ,Very Complex,,1000,9.0,8.1,9 to 12 ,,frame narrative,"deceit, social status","social satire, fable, romance, allegory, poetry",
,,Brave New World,384.0,novel ,"The governement prioritizes stability and happiness over individuality and freedom, but two men from different backgrounds grapple with the consequences of a world that sacrifices humanity for the sake of order and pleasure. ",Aldous Huxley,1932,,,Very Complex,Exceedingly complex,Very Complex,Very Complex,,870,11.0,7.5,9 to 12 ,,dystopian fiction,"Totalitarianism, the cost of happiness and individuality","science fiction, thought-provoking, oppression, satire, dehumanization",
,,Thousand Splendid Suns,432.0,novel ,"A Thousand Splendid Suns is at once an incredible chronicle of thirty years of Afghan history and a deeply moving story of family, friendship, faith, and the salvation to be found in love.",Khaled Hosseini,2008,,,very complex,very complex,very complex,very complex,,830,7.03,5.4,10 to 12 ,,realistic fiction,"tradition, sacrifice for family","bleak, haunting, dramatic, thought-provoking, family",Asian/ South Asian
,,Woman Hollering Creek And Other Stories,165.0,novel ,"A collection of stories, whose characters give voice to the vibrant and varied life on both sides of the Mexican border. The women in these stories offer tales of pure discovery, filled with moments of infinite and intimate wisdom.",Sandra Cisneros,1991,,,very complex,moderately complex,very complex,moderately complex,,960,6.01,5.7,6 to 9 ,,"realistic fiction, vignette","gender, tradition","tragic, dramatic, hopeful, perseverance ",Latine/ US Canada/ Latin America
,,Invisible Man,581.0,novel ," In this deeply compelling novel and epic milestone of American literature, a nameless narrator tells his story from the basement lair of the Invisible Man he imagines himself to be.  ",Ralph Ellison,1952,,,very complex,very complex,very complex,very complex,,950,7.01,7.2,9 to 12 ,,"fiction, bildungsroman","race, identity, coming-of-age","frank, sardonic, surreal, disillusionment, bewildering",African American
,,The Color Purple,288.0,novel ,"The Color Purple is the story of two sisters--one a missionary to Africa and the other a child wife living in the South--who remain loyal to one another across time, distance, and silence. ",Alice Walker,1982,,,very complex,exceedingly complex,very complex,very complex,,670,5.3,5.14,10 to 12 ,,historical fiction,"abuse, race, identity","tragic, hardship, somber, hopeful  ",African American
,,Things Fall Apart,224.0,novel ,"Things Fall Apart tells the story of Okonkwo, whose resistance to cultural change and fear of weakness leads to his tragic downfall amidst the upheaval of European colonialism and the collapse of traditional Igbo society.",Chinua Achebe,1958,,,very complex,very complex ,very complex,very complex,,890,9.0,6.2,9 to 10 ,,historical fiction,"tradition, pride, generational divide","tragedy, african, colonialism, indigenous, loss, isolation, fear, classic",African 
,,Poet X,384.0,novel ,"The Poet X follows Xiomara Batista as she discovers her voice and identity through poetry and navigates the tensions of family, faith, and self-expression she experiences during her teenage years. ",Elizabeth Acevedo,2018,,,very complex,very complex,Moderately Complex,Moderately Complex,,800,3.6,4.2,7 to 12  ,,Poetry,"identity, sexuality, the power of voice","young adult, realistic fiction, coming of age",Dominican American
,,The Hate U Give,480.0,novel ,"Starr Carter witnesses the police shooting of her unarmed friend and faces the challenges of navigating the traumatic aftermath, and the need to speak out for justice.",Angie Thomas ,2017,,,Moderately Complex,Moderately Complex,Moderately Complex,Very Complex,,590,5.34,3.9,9 to 12 ,,Realistic fiction ,"racial inequality, the power of voice, identity, community, police brutality","young adult, contemporary, coming of age, drama",African American
,,Just Mercy,336.0,novel ,"A first-person account of a defense lawyer's experience helping marginalized Americans who have been unfairly and harshly punished by the U.S. criminal justice system. At the heart of Just Mercy is the story of Walter McMillian, a Black man who was framed for the murder, convicted, and sent to death row. ",Bryan Stevenson ,2014,,,Very Complex,Moderately Complex,Very Complex,Very complex,,1130,7.5,9.0,10 to 12 ,,Memoir ,"systemic racism, advocacy, corruption","drama, thought-provoking, empathy, resilience, oppression",African American
,,Metamorphosis,64.0,novella,"Gregor Samsa wakes up one morning transformed into a cockroach, and must navigate the emotional and social struggles he faces as his family reacts to his change and his sense of identity unravels.",Franz Kafka,1915,,,Very Complex,Moderately Complex,Very Complex,Moderately Complex,,1340,11.0,10.5,10 to 12 ,,psychological fiction,"Isolation, identity, disconnection between body and mind","Novella, short fiction, fantasy, bewildering, disillusionment",
,,Persepolis,160.0, graphic novel,"A graphic novel that chronicles the author's childhood and early adulthood in Iran during and after the Islamic Revolution, and the struggles of growing up in a politically turbulent environment.",Marjane Satrapi,2000,,,Very Complex,Moderately Complex,Moderately Complex,Exceedingly Complex,,380,4.6,3.3,9 to 12 ,,Memoir ,"Identity, resilience, religious oppression, gender roles ","coming of age, graphic novel, historical fiction, drama, social change ",Middle Eastern
,,Their Eyes Were Watching God,219.0,novel,"Their Eyes Were Watching God follows Janie Crawford as she reflects on her three marriages and personal journey toward self-discovery, independence, and love in the 20th century South. ",Zora Neale Hurston,1937,,,Very Complex,Moderately Complex,Very Complex,Very Complex,,890,7.9,10.0,11 to 12 ,,"fiction, bildungsroman","The impact of love on identity, racial inequality, gender roles ","historical fiction, classic, feminist, empowerment, hopeful",African American
,,Pride & Prejudice,254.0,novel,"Elizabeth Bennet, an intelligent and independent young woman, must navigate societal expectations, love, and misunderstandings with the proud and wealthy Mr. Darcy, ultimately leading to mutual respect and love.",Jane Austen,1813,,,Very Complex,Moderately Complex,Very Complex,Very Complex,,1030,8.0,12.0,9 to 12 ,,"classic, drama","social status, prejudice, the value of reputation, sacrifice for family","romantic, satire, historical, gender roles ",
,,Kite Runner,344.0,novel,"The Kite Runner tells the story of Amir, a young boy from Kabul, who struggles with guilt and redemption after betraying his childhood friend Hassan, and later returns to Afghanistan to confront his past and seek forgiveness.",Khaled Hosseini,2003,,,Moderately Complex,Moderately Complex,Moderately Complex,Very Complex,,840,6.8,5.2,7 to 12 ,,"fiction, bildungsroman","Friendship, betrayal, violence for power ","historical fiction, drama, realism, resilience, guilt ",Afghan
,,Things They Carried,256.0,novel,"A collection of interconnected short stories that follows a group of soldiers serving in the Vietnam War, focusing on their experiences, the physical and emotional burdens they carry, and the impact of the war on their lives.",Tim O'Brien,1990,,,Very Complex,Very Complex,Very Complex,Very Complex,,880,9.0,5.8,9 to 12 ,,historical fiction,"morality in war, burdens of war, the power of voice ","classic, war, short stories, drama, psychological fiction, guilt",
,,Catch 22,463.0,novel,"A World War II bombardier desperately tries to stay sane and survive the war while navigating the illogical and absurd military regulations, particularly the paradoxical ""Catch-22"" that prevents him from being grounded.",Joseph Heller,1961,,,Very Complex,Very Complex,Very Complex,Very Complex,,1140,9.0,7.1,10 to 12 ,,historical fiction,"logical paradox,  altruism vs. self-interest, burdens of war ","war, satire, dark, bewildering, hardship, humor, drama",
,,All Quiet On The Western Front,240.0,novel,"A young German soldier who, along with his classmates, enlists in World War I, only to face the brutal realities of trench warfare, the loss of comrades, and the profound disillusionment with the ideals that led them to war.",Erich Maria Remarque,1928,,,Very Complex,Very Complex,Very Complex,Very Complex,,830,9.0,6.0,9 to 12 ,,historical fiction,"burdens of war, technological advancements, friendship","war, classic, disillusionment, dark, hardship, bewildering ",
,,A Tale Of Two Cities,448.0,novel,"Set during the French Revolution, this novel follows the intertwined lives of Charles Darnay, a French aristocrat, and Sydney Carton, an English lawyer, as they navigate love, sacrifice, and redemption amidst the chaos of revolution and vengeance.",Charles Dickens ,1859,,,Very Complex,Very Complex,Very Complex,Very Complex,,1130,9.0,9.7,10 to 12 ,,classic ,"Social status, sacrifice, duality","historical fiction, revolution, hopeful, tragedy",
,,Catcher In The Rye,288.0,novel,"A coming-of-age novel that follows the cynical and disenchanted teenager Holden Caulfield as he wanders New York City, grappling with grief, alienation, and his desire to protect the innocence of childhood.",J.D. Salinger,1951,,,Very Complex,Moderately Complex,Very Complex,Moderately Complex,,790,9.0,4.7,9 to 12 ,,"fiction, bildungsroman","loss of innocence, alienation, phoniness","disillusionment, coming of age, young adult, classic",
,,Jane Eyre,536.0,novel,"A Gothic romance that follows the resilient and independent Jane as she overcomes a harsh childhood, confronts social expectations, and navigates a tumultuous love, ultimately seeking a balance between passion and self-respect.",Charlotte Bronte,1847,,,Moderately Complex,Moderately Complex,Very Complex,Very Complex,,870,10.1,7.9,9 to 12 ,,classic,"love vs. hate, social class, gender roles ","gothic, historical fiction, romantic, bildungsroman, coming of age",
,,Great Expectations,544.0,novel,"Following Pip, Great Expectations is a story about an orphan with dreams of rising above his humble beginnings, as he navigates love, ambition, and betrayal, ultimately leading him on a journey of self-discovery, redemption, and the realization of what truly matters in life.",Charles Dickens ,1861,,,Very Complex,Very Complex,Exceedingly Complex,Very complex ,,1150,9.0,9.2,9 to 12 ,,"fiction, bildungsroman","Identity, social status, self-improvement","historical fiction, gothic, classic, redemption, coming of age ",
,,Count Of Monte Cristo,1167.0,novel,"An epic tale that follows a young sailor falsely imprisoned due to a conspiracy, who escapes after years of torment, discovers a hidden treasure, and transforms himself into the enigmatic Count of Monte Cristo to exact calculated revenge on those who wronged him. ","Alexandre Dumas, Auguste Maquet",1846,,,Very Complex,Very Complex,Very Complex,Very Complex,,1080,6.0,4.9,7 to 9  ,,historical fiction,"betrayal vs. loyalty, social status, God's will","adventure, redemption, compassion, thought-provoking, empathy",
,,Remains Of The Day,256.0,novel,"Stevens, an English butler, takes a road trip across the English countryside, during which he reflects on his decades of loyal service to Lord Darlington, his interactions with the spirited housekeeper Miss Kenton, and the moments that shaped his life in the grandeur of Darlington Hall",Kazuo Ishiguro,1989,,,Very Complex,Very Complex,Very Complex,Moderately Complex,,1210,12.0,12.0,9 to 12 ,,historical fiction,"social status, dignity, lost opportunities ","romantic, classic, isolation, disillusionment, thought-provoking",
,,Strange Case Of Dr. Jekyll & Mr. Hyde,138.0,novella,"A London lawyer investigates the sinister connection between the well-respected Dr. Jekyll and the violent, malevolent Mr. Hyde, uncovering a shocking secret about their intertwined identities.",Robert Louis Stevenson,1886,,,Exceedingly Complex,Moderately Complex,Exceedingly Complex,Moderately Complex,,1010,9.5,9.4,9 to 12 ,,gothic fiction,"good vs. evil, identity, scientific curiosity","classic, science fiction, mystery, horror, novella, fantasy ",
,,Picture Of Dorian Gray,240.0,novel,"Dorian Gray falls under the influence of a hedonistic aristocrat, makes a Faustian wish to stay eternally youthful while his portrait ages in his place, and descends into a life of indulgence and crime as his portrait reflects the consequences of his actions.",Oscar Wilde,1890,,,Very Complex,Very Complex,Very Complex,Moderately Complex,,920,9.0,7.7,9 to 12 ,,gothic fiction,"superficiality of beauty, moral corruption, good vs. evil ","horror, classic, fantasy, philosophical, psychological fiction, satire",
,,Sound Of Waves,192.0,novel,"A young fisherman falls in love with the daughter of a wealthy shipowner, but their budding romance faces challenges from jealous villagers and societal pressures before their love triumphs.",Yukio Mishima,1954,,,Very Complex,Moderately Complex,Moderately Complex,Moderately Complex,,800,8.0,6.0,10 to 12 ,,classic,"social class, love, nature as a force, nature ","coming of age, romantic, novella, historical ",Japanese
,,Chronicle Of A Death Foretold,128.0,novel,"Santiago Nasar is murdered by the Vicario brothers to avenge the dishonor of their sister and despite the widespread knowledge of their plan, Santiago is killed in broad daylight, and no one intervenes to stop the murder, even though it was foretold to many in the town.",Gabriel Garca Mrquez,1981,,,Very Complex,Very Complex,Very Complex,Moderately Complex,,1210,9.0,4.9,11 to 12 ,,classic,"honor, revenge, gender roles, fate and foreknowledge ","realism, mystery, magical realism, satire, tragedy, bewildering ",Latin America
,,Marrow Thieves,240.0,novel,"Set in a dystopian future where climate change has ravaged the world, Indigenous people are hunted for their bone marrow, which is believed to cure the widespread epidemic of memory loss, and a young man  leads a group of Indigenous refugees on a perilous journey to escape the government's oppressive pursuit.",Cherie Dimaline,2017,,,Very Complex,Moderately Complex,Moderately Complex,Very Complex,,810,8.0,6.5,10 to 12 ,,dystopian fiction,"indigenous oppression, identity, connection to nature ","science fiction, young adult, fantasy, bewildering, dark, thought-provoking ",Indigenous 
,,The Hunger Games,384.0,novel,"In a dystopian future, young tributes from each district must fight to the death in a televised competition known as the Hunger Games, where survival depends on strategy, alliances, and skill.",Suzanne Collins ,2008,,,Moderately Complex,Slightly complex ,Moderately Complex,Very Complex,,810,3.7,5.3,7 to 12 ,,dystopian fiction,"freedom vs. control, social status, appearance, rebellion","science fiction, thriller, adventure, coming of age, young adult ",
,,The Outsiders,136.0,novel,"The Outsiders follows a group of teenage Greasers as they navigate conflicts with the wealthier Socs, culminating in a violent confrontation that changes their lives forever.",S.E. Hinton ,1967,,,Moderately Complex,Moderately Complex,Slightly complex ,Moderately Complex,,750,5.0,4.7,7 to 10 ,,"fiction, bildungsroman","social status, loyalty, cycle of violence ","young adult, drama, coming of age, classic, realistic fiction, community ",
,,Fish Cheeks,1.0,essay ,"A teenage protaganist feels embarrassed by her Chinese family's traditions when hosting her American crush for dinner, only to later realize the deep love and meaning behind her culture.",Amy Tan,1987,,,Very Complex,Moderately Complex,Moderately Complex,Moderately Complex,,930,5.5,5.5,5 to 7  ,,Memoir ,"cultural identity, coming of age, self-consciousness ","autobiography, immigrant experience, empathy, family",Chinese American
,,Alma And How She Got Her Name,32.0,picture book,"Alma learns the meaningful stories behind her long name, discovering how each part connects her to her family and heritage.",Juana Martinez-Neal,2018,,,Moderately Complex,Slightly complex ,Slightly complex ,slightly complex ,,440,1.5,2.4,K to 2 ,,children's literature ,"self-discovery, cultural identity, legacy of heritage","realistic, family, coming of age, empowerment ",Latinx 
,,To Build A Fire,24.0,short story ,"A man struggles to survive in the harsh Yukon wilderness as he faces the brutal cold and his own lack of preparation, ultimately succumbing to nature's unforgiving power.",Jack London ,1902,,,Moderately Complex,Slightly complex ,Slightly complex ,Moderately Complex,,620,5.0,5.7,5 to 6  ,,adventure fiction,"survival, isolation, man vs. nature ","naturalism, pride, tragedy, hardship ",
,,The Scarlet Ibis,36.0,short story ,"Brother reflects on his relationship with his disabled brother, Doodle, and the tragic events that unfold after his pride leads him to push Doodle beyond his limits.",James Hurst,1960,,,Moderately Complex,Slightly complex ,Moderately Complex,Moderately Complex,,940,6.0,6.3,6 to 7  ,,realistic fiction,"fragility of life, pride, consequences of selfishness ","coming of age, tragedy, family, regret ",
,,Where The Wild Things Are,40.0,picture book,"Max gets sent to his room as punishment and imagines a fantastical adventure to an island inhabited by wild creatures, where he becomes their king before returning home to find comfort in his mother's love.",Maurice Sendak,1963,,,Moderately Complex,Slightly complex ,Slightly complex ,Moderately Complex,,740,2.0,3.3,1 to 2  ,,children's literature ,"imagination, independence, the importance of a home and love ","self-expression, self-discovery, adventure, fantasy",
,,All Summer In A Day,15.0,short story ,"A group of children are living on Venus, where the sun only shines for two hours every seven years, and tragic consequences unfold when they lock a classmate, Margot, in a closet and miss the rare glimpse of sunlight.",Ray Bradbury,1954,,,Moderately Complex,Slightly complex ,Moderately Complex,Moderately Complex,,820,5.0,5.3,5 to 6  ,,science fiction ,"the cruelty of bullying, isolation, consequences of actions ","dystopian, psychological, regret, tragedy",
,,The Party,16.0,short story ,"Rocio is excited to attend her first birthday party with her best friend, but faces unexpected challenges and cultural differences that make her question what it means to truly belong.",Pam Muoz Ryan,2009,,,Moderately Complex,Slightly complex ,Slightly complex ,Moderately Complex,,670,3.0,3.6,3 to 4  ,,Realistic fiction ,"cultural identity, expectations vs. reality, social belonging ","coming of age, family, personal growth, acceptance ",Mexican-American
,,The Giving Tree,64.0,picture book,"A picture book that explores the unconditional love between a boy and a tree, where the tree gives everything it has to the boy as he grows older, ultimately teaching the themes of selflessness, sacrifice, and the passage of time.",Shel Silverstein ,1964,,,Moderately Complex,Slightly complex ,Slightly complex ,Moderately Complex,,530,2.3,2.6,K to 3  ,,children's literature ,"Greed vs. selflessness, the passage of time, unconditional love ","fable, allegory, fantasy, generosity, regret ",
,,The House On Mango Street,144.0,novel,"A coming-of-age novel that follows Esperanza Cordero, a young Latina girl growing up in Chicago, as she navigates the challenges of her neighborhood, identity, and aspirations for a better life.",Sandra Cisneros,1983,,,Moderately Complex,Slightly complex ,Slightly complex ,Moderately Complex,,860,5.5,5.6,6 to 8  ,,"fiction, bildungsroman","social status, gender, identity ","coming of age, belonging, self-discovery, hopeful",Latina
,,The Last Dog,16.0,short story ,"Brock, a boy raised in a sterile, controlled world, discovers the last surviving dog and begins to question the society hes been taught to trust, leading him to reconsider ideas of freedom and survival.",Katherine Paterson,1992,,,Moderately Complex,Slightly complex ,Slightly complex ,Moderately Complex,,680,4.3,4.5,6 to 8  ,,dystopian fiction,"freedom vs. control, isolation, the role of nature ","science, adventure, allegory, survival, bewildering ",
,,The Last Stop On Market Street,32.0,picture book,"A young boy named CJ rides the bus with his grandmother, who helps him see the beauty and kindness in the world around them.",Matt de la Pea,2015,,,Moderately Complex,Slightly complex ,Slightly complex ,slightly complex ,,610,2.8,3.3,K to 2 ,,children's literature ,"finding beauty in the everyday, gratitude, community ","realistic, coming of age, social awareness, kindness ",African American 
,,The Invention Of Hugo Cabret,526.0,picture book ,"An orphaned boy named Hugo, living in a Paris train station, unravels a mystery involving an automaton, a hidden message, and the origins of early filmmaking",Brian Selznick,2007,,,Moderately Complex,Moderately Complex,Moderately Complex,Very Complex,,820,5.0,5.1,4 to 6  ,,historical fiction,"identity, resilience, creativity, found family","adventure, coming of age, mystery",
,,Tell Tale Heart,26.0,short story ,"A narrator, driven by madness, becomes obsessed with an old man's ""vulture eye,"" murders him, and is ultimately consumed by guilt, leading to his confession.",Edgar Allan Poe ,1843,,,Very Complex,very complex,Very complex,Very Complex,,1140,7.2,6.9,7 to 8  ,,gothic fiction,"mortality, the nature of evil, guilt, madness","thriller, horror, suspense, unreliable narrator ",
,,The Fall Of The House Of Usher,26.0,short story ,"A man visits his childhood friend, Roderick Usher, at his decaying family mansion, where both the house and its inhabitants are consumed by fear, madness, and death.",Edgar Allan Poe ,1839,,,Very Complex,very complex,very complex,Moderately Complex,,940,8.2,7.4,8 to 9  ,,gothic fiction ,"madness, isolation, death, the supernatural ","psychological, horror, unreliable narrator, revenge ",
,,The Lottery,32.0,short story ,"A small town holds an annual lottery in which one resident is randomly selected to be stoned to death, revealing the dark, unquestioned traditions of society.",Shirley Jackson,1948,,,Moderately Complex ,Slightly complex ,Slightly complex ,Moderately Complex ,,760,6.7,6.2,6 to 8  ,,dystopian fiction,"blind tradition, conformity, dark side of human nature ","psychological, horror, satire, sacrifice",
,,Lamb To The Slaughter,17.0,short story,"A woman kills her husband with a frozen leg of lamb after he informs her he is leaving her, then cleverly covers up the crime by cooking and serving the lamb to the investigating detectives.",Roald Dahl ,1953,,,Moderately Complex ,Slightly complex ,Slightly Complex,Moderately Complex ,,910,7.0,6.3,6 to 8  ,,crime fiction ,"deceit, gender, justice ","dark comedy, psychological, suspense, thriller",
,,The Story Of An Hour,32.0,short story,"After hearing about her husband's death, a woman experiences a complex range of emotions, including joy and relief, only to shockingly discover he is alive and dies from the shock.",Kate Chopin,1894,,,Moderately Complex,Slightly complex ,Slightly Complex,Moderately Complex,,880,6.0,6.4,6 to 8  ,,realistic fiction ,"martial expectations, independence, death","psychological, emotional, feminist, irony ",
,,Most Dangerous Game,28.0,short story ,"A shipwrecked man is hunted for sport on a secluded island by a sadistic hunter, only to turn the tables and become the hunter himself.",Richard Connell,1924,,,Moderately Complex ,Moderately Complex,Moderately Complex,Moderately Complex,,1030,7.6,7.6,7 to 9  ,,adventure fiction,"survival, civilization vs. barbarism, power and control ","thriller, horror, suspense, violence ",
,,The Monkey'S Paw,27.0,short story ,"After a couples wish is granted by a cursed monkey's paw, they face tragic consequences, illustrating the dangers of tampering with fate.",W.W. Jacobs ,1902,,,Moderately Complex,Moderately Complex,Moderately Complex,Moderately Complex,,1020,6.1,6.5,6 to 8  ,,horror fiction ,"dangers of tempting fate, the supernatural, consequences of actions ","dark fantasy, greed, regret, morality ",
,,Letter From A Birmingham Jail,35.0,epistolary,"Martin Luther King Jr. defends his civil disobedience against racial segregation, arguing that individuals have a moral duty to oppose unjust laws and fight for justice through nonviolent means.",Martin Luther King Jr. ,1963,,,Very Complex ,Very Complex ,Very Complex,Very Complex ,,1200,12.5,9.6,11 to 12  ,,nonfiction,"civil disobedience, prejudice, urgency of action, moral responsibility ","political, activist, persuasive, social justice ",
,,The Landlady,17.0,short story ,"A young man named Billy Weaver checks into a peculiar bed-and-breakfast, only to realize too late that the seemingly kind landlady has sinister intentions.",Roald Dahl ,1959,,,Moderately Complex,Moderately Complex,Slightly Complex,Moderately Complex,,600,6.0,4.4,6 to 8  ,,gothic fiction,"expectations vs. reality, isolation, dangers of naivety ","thriller, horror, suspense, foreshadowing, dark comedy",
,,The Black Cat,34.0,short story ,"A man descends into madness and violence, driven by alcoholism and guilt, ultimately sealing his fate when his horrific crime is exposed by the very cat he sought to destroy. ",Edgar Allan Poe ,1843,,,Very Complex,Very Complex ,Exceedingly Complex,Moderately Complex,,890,9.0,9.3,9 to 12 ,,gothic fiction ,"guilt, self-destruction, madness","thriller, horror, dark romanticism, justice, supernatural ",
,,A Sound Of Thunder,39.0,short story,"A time-traveling hunter accidentally alters the past by killing a butterfly, leading to disastrous changes in the future.",Ray Bradbury,1952,,,Moderately Complex ,Slightly complex ,Moderately Complex,Moderately Complex ,,820,6.5,5.7,7 to 9  ,,science fiction ,"the butterfly effect, human impact on the environment, moral responsibility ","alternate realities, time travel, speculative, thriller ",
,,The Necklace,48.0,short story,"A woman borrows a costly necklace to attend a fancy event, loses it, and spends years in poverty replacing it, only to discover the original necklace was a fake.",Guy de Maupassant,1884,,,Very Complex ,Moderately Complex ,Moderately Complex,Very Complex ,,1200,7.5,6.3,8 to 10 ,,realistic fiction,"social status, vanity, pride, deceit ","irony, drama, social commentary, fate, misjudgment ",
,,Flowers For Algernon,60.0,short story ,"A man with an intellectual disability undergoes an experimental procedure that boosts his intelligence, but as he becomes more aware of his surroundings, he grapples with the fleeting nature of his newfound abilities.",Daniel Keyes,1959,,,Very Complex ,Moderately Complex ,Slightly Complex,Very Complex ,,680,5.5,5.4,7 to 9 ,,science fiction,"ethics of science experimentation, isolation, intelligence, the importance of human connection ","psychological, humanism, social commentary, social prejudice ",
,,The Gift Of The Magi,18.0,short story ,"A young couple sacrifices their most treasured possessions to buy each other Christmas gifts, only to find their love and selflessness are the true gifts that matter most.",O. Henry,1905,,,Moderately Complex ,Moderately Complex ,Moderately Complex ,Slightly Complex ,,880,6.5,6.6,7 to 10  ,,realistic fiction,"love, sacrifice, selflessness, wealth vs. value ","romance, irony, gender, christian values ",
,,The Yellow Wallpaper,22.0,short story,"A woman suffering from postpartum depression is confined by her husbands strict treatment, leading her to obsess over the rooms wallpaper and slowly descend into madness.",Charlotte Perkins Gilman,1892,,,Very Complex ,Slightly Complex,Slightly Complex ,Moderately Complex ,,990,9.5,8.2,9 to 12  ,,gothic fiction ,"freedom vs. control, patriarchal control, identity","psychological, horror, feminist, realistic, mental illness ",
,,The Fun They Had,5.0,short story,"Two children in the future discover an old book about traditional schools and reflect on how different their own robotic, individualized learning system is.",Isaac Asimov,1951,,,Moderately Complex,Slightly Complex ,Slightly complex,Moderately Complex ,,800,5.5,5.3,5 to 7 ,,science fiction,"the impact of technology, the importance of human connection, isolation ","dystopian, social commentary, speculative ",
,,The Pedestrian,8.0,short story ,"Leonard Mead is arrested for simply taking a walk in a future society where people are confined to their homes, disconnected from the outside world.",Ray Bradbury,1951,,,Moderately Complex ,Slightly Complex ,Moderately Complex ,Moderately Complex,,740,5.5,5.1,6 to 8  ,,dystopian fiction,"isolation, the impact of technology, freedom vs. control, alienation","science, social commentary, speculative, conformity in society ",
,,Legend Of Sleepy Hollow,62.0,short story,"Ichabod Crane, a school teacher, encounters the ghostly figure of the Headless Horseman, leading to his mysterious disappearance from the village of Sleepy Hollow.",Washington Irving ,1820,,,Moderately Complex,Moderately Complex ,Moderately Complex ,Moderately Complex ,,920,9.0,9.0,9 to 12  ,,gothic fiction,"superstition vs. reality, greed, imagination, man vs. nature","dark romanticism, folklore, horror, american, supernatural ",
,,A Rose For Emily,36.0,short story ,"The reclusive Miss Emily Grierson, whose life and shocking secrets, including the discovery of a corpse in her home, symbolize the decay of the Old South.",William Faulkner,1930,,,Very Complex ,Very Complex,Very Complex ,Very Complex ,,1000,8.6,4.6,9 to 12  ,,gothic fiction,"tradition vs. change, isolation, gender","horror, mystery, dark romanticism, madness",
,,The Star,26.0,short story,"A massive celestial body is approaching Earth, causing global catastrophes and mass panic, but Martian astronomers later view the event as insignificant.",HG Wells,1897,,,Very Complex ,Very Complex ,Moderately Complex,Very Complex,,1080,9.2,7.0,9 to 12 ,,science fiction,"survival, fragility of life, public ignorance ","speculative, apocalyptic, space, thriller",
,,Gettysburg Address,5.0,speech,"A powerful speech that honors the fallen soldiers of the Civil War, reaffirms the principles of equality and liberty, and emphasizes the importance of national unity and the preservation of democracy.",Abraham Lincoln ,1863,,,Exceedingly Complex,Very Complex ,Very Complex ,Exceedingly Complex,,1230,9.0,7.3,9 to 12 ,,political rhetoric,"equality, sacrifice, the struggle for justice ","inspirational, philosophical, presidential, persuasive, historical ",
,,The Canterville Ghost,44.0,novella,"An American family moves into a haunted English mansion, where the ghost's attempts to scare them are thwarted by their practical and fearless behavior, leading to an unexpected friendship.",Oscar Wilde,1887,,,Very Complex ,Moderately Complex,Very Complex ,Very Complex ,,1210,8.3,6.8,9 to 12 ,,gothic fiction,"redemption, cultural conflict, courage, compassion ","satire, supernatural, humor, fantasy ",
,,The Hand (Maupassant),32.0,short story,"A man becomes obsessed with a mysterious, disembodied hand he found and eventually believes that it is cursed, leading to a tragic end.",Guy de Maupassant,1883,,,Very Complex,Moderately Complex ,Very Complex ,Very Complex ,,1100,8.5,7.0,9 to 12 ,,psychological fiction,"obsession, madness, fear of the unknown","supernatural, horror, gothic, dark realism",
,,145Th Street Stories,208.0,novel,"A collection of interconnected short stories that depict the lives of African American residents in Harlem, exploring themes of identity, community, and the struggles and triumphs of everyday life.",Walter Dean Myers,2000,,,Very Complex ,Very Complex ,Moderately Complex ,Very Complex ,,760,4.5,5.1,4 to 5 ,,realistic fiction,"identity, community, facing racism, poverty, resilience","coming of age, urban, hopeful, family, young adult ",African American
,,Seedfolks,112.0,novel,"A diverse group of neighbors in a neglected urban community who come together to transform a vacant lot into a thriving garden, discovering a sense of connection and belonging in the process.",Paul Fleischman,1997,,,Moderately Complex,Moderately Complex,Moderately Complex,Very Complex,,710,5.0,4.3,3 to 8 ,,realistic fiction ,"community, tolerance, resilience, diversity","coming of age, modern, young adult, multicultural ",
,,Scythe,464.0,novel,"Set in a future where death has been conquered, Citra and Rowan are selected to apprentice as scythes to maintain balance by harvesting lives, forcing them to confront moral dilemmas and the nature of life and death.",Neal Shusterman,2016,,,Moderately complex ,Very Complex ,Very Complex,Moderately Complex ,,830,6.0,6.5,7 to 9 ,,dystopian fiction,"the value of life, freedom vs. control, morality","science, young adult, human nature, philosophical ",
,,Thank You Ma'Am,24.0,short story,"A young boy tries to steal a womans purse, only to have her show him kindness by taking him to her home, feeding him, and teaching him a lesson about trust and respect.",Langston Hughes,1958,,,Moderately Complex ,Slightly Complex ,Moderately Complex,Moderately Complex,,670,3.3,3.8,6 to 12 ,,realistic fiction,"kindness, forgiveness, role models, respect, poverty","coming of age, urban, morality, social commentary ",African American
,,"The Lady, Or The Tiger?",11.0,short story,"A semi-barbaric king devises a cruel trial in which a young man must choose between two doorsone hiding a deadly tiger and the other a beautiful ladywhile the jealous princess, who knows the secret behind the doors, secretly influences his fate.",Frank R. Stockton,1882,,,Very Complex,Very Complex,Moderately Complex,Moderately Complex ,,1260,12.0,8.6,10 to 12 ,,fable,"consequences of actions, justice, love vs. self-interest","allegory, fairytale, suspense, psychological",
,,"So What Are You, Anyway",6.0,short story ,"A young girl encounters racial prejudice during a conversation with a white couple on a plane, highlighting themes of identity, racism, and innocence.",Lawrence Hill,2000,,,Very Complex ,Slightly Complex ,Moderately Complex ,Moderately Complex ,,800,5.0,5.0,6 to 9 ,,realistic fiction,"prejudice, social belonging, loss of innocence","coming of age, social commentary, discomfort, social expectations ",Biracial 
,,Love That Dog,128.0,novel,Jack discovers his voice as a poet while processing his feelings about a beloved dog and learning to appreciate poetry.,Sharon Creech,2001,,,Moderately Complex ,Moderately Complex ,Slightly Complex ,Slightly Complex ,,700,3.2,3.7,3 to 5 ,,poetry,"grief, self-expression, personal growth","coming of age, modern, courage, emotional",
,,Charles,32.0,short story,"Laurie comes home from kindergarten with tales of a misbehaving classmate named Charles, only to reveal at the end that Charles is actually Laurie himself, highlighting themes of deception and self-awareness.",Shirley Jackson,1948,,,Very Complex ,Moderately Complex ,Moderately Complex ,Slightly Complex,,800,5.0,5.0,5 to 8 ,,realistic fiction,"deceit, accountability, complexity of childhood behavior ","psychological, irony, surprise, suspense  ",
,,Theseus And The Minotaur,32.0,picture book ,"A retelling of the Greek myth in which the hero Theseus ventures into the labyrinth to defeat the Minotaur, a fearsome creature, with the help of Ariadne's thread, symbolizing bravery, ingenuity, and the triumph of good over evil.",Sonia Elisabetta Corvaglia,2021,,,Very Complex,Slightly Complex ,Moderately Complex ,Moderately Complex,,600,4.0,4.3,3 to 5 ,,children's literature ,"courage, strategy, good vs. evil, destiny ","mythology, fantasy, adventure, heroic ",
,,Borders (Thomas King),192.0,novel,"A mother and her son navigate the complexities of identity and cultural boundaries when they are detained at the Canada-U.S. border because the mother refuses to declare her citizenship, emphasizing themes of belonging, nationalism, and indigenous identity.",Thomas King ,2021,,,Very Complex ,Moderately Complex ,Moderately Complex ,Very Complex ,,730,5.2,5.0,6 to 8 ,,realistic fiction,"cultural belonging, nationalism, indigenous rights, cultural conflict ","social commentary, resistance, culture, government ",Indigenous 
,,The Stolen Party (Liliana Hecker),5.0,short story,"Rosaura is invited to a rich girls birthday party, only to later realize that she was treated as a servant rather than an equal, highlighting themes of class disparity and the loss of innocence.",Liliana Hecker,1994,,,Very Complex,Moderately Complex ,Moderately Complex ,Moderately Complex,,850,5.5,5.4,6 to 8 ,,realistic fiction,"social status, class corruption, loss of innocence, identity ","coming of age, privilege, disillusionment, social expectations ",
,,Marigolds (Eugenia Collier),5.0,short story,"After destroying a neighbors marigold garden in a moment of frustration, Lizabeth experiences a painful yet transformative realization about the complexity of human emotions, poverty, and the loss of innocence.",Eugenia Collier,1969,,,Very Complex ,Moderately Complex ,Moderately Complex ,Very Complex ,,910,6.5,6.3,9 to 12 ,,realistic fiction,"loss of innocence, social status, empathy, self-discovery","coming of age, psychological, isolation, hopeful",
,,Nothing Gold Can Stay,,poem,"""Nothing Gold Can Stay"" by Robert Frost expresses the idea that all things pure, beautiful, and perfect are fleeting and inevitably fade with time.",Robert Frost,1923,,,Moderately Complex ,Moderately Complex ,Moderately Complex ,Moderately Complex,,410L-600L,1.7,3.57,7 to 12,,lyric poetry,"the passage of time, the value of life, acceptance of change","naturalism, imagery, bittersweet, youth vs. age",
,,The Road Not Taken,,poem ,"""The Road Not Taken"" by Robert Frost reflects on how choices shape our lives, emphasizing the significance and lasting impact of choosing a less conventional path.",Robert Frost,1916,,,Moderately Complex ,Moderately Complex ,Moderately Complex ,Moderately Complex ,,1010L-1200L,9.1,6.08,6 to 9,,narrative poetry,"choice, consequences of actions, individuality","naturalism, metaphorical, imagery",
,,Rat Ode,,poem,"Elizabeth Acevedos ""Rat Ode"" reclaims the rat as a symbol of resilience and dignity, challenging elitist notions of what is worthy of poetry by honoring the overlooked strength in urban survival.",Elizabeth Acevedo,2015,,,Moderately Complex ,Moderately Complex ,Very Complex ,Very Complex ,,1010L-1200L,7.8,9.08,8 to 12,,ode,"resilience, self-reliance, dignity, identity","nostalgic, survival, suffering, self-worth, spoken word poetry",Dominican American
,,Fire And Ice,,poem,"Robert Frost's ""Fire and Ice"" explores the destructive potential of both desire (""fire"") and hatred (""ice""), suggesting that either could bring about the end of the world.",Robert Frost,1920,,,Moderately Complex ,Slightly Complex ,Slightly Complex ,Moderately Complex ,,810L-1000L,5.2,9.0,6 to 12,,poetry,"eschatology, hatred, destruction","death, metaphorical, naturalism, philosophical",
,,Friend,,poem,"Josephine Miless poem ""Friend"" reflects on the quiet complexities of companionship, capturing the delicate mix of distance, understanding, and emotional undercurrents that define human connection.",Josephine Miles,1945,,,Very Complex ,Moderately Complex ,Very Complex ,Very Complex ,,810L-1000L,4.9,6.19,7 to 12,,poetry,"superficiality of beauty, friendship, the importance of human connection","individuality, unspoken understanding, reflective",
,,I Lost My Talk,,poem,"Rita Joe's poem ""I Lost My Talk"" poignantly recounts the forced loss of her Mi'kmaw language during her time at the Shubenacadie Residential School, highlighting the cultural and personal impact of this erasure while expressing a hopeful desire to reclaim and share her heritage.",Rita Joe,1978,,,Very Complex,Slightly Complex,Slightly Complex,Very Complex,,620L-800L,4.2,4.19,1 to 4,,poetry,"cultural identity, facing racism, the power of words","indigenous rights, the importance of language, colonialism",Mi'kmaq/Indigenous
,,Casey At The Bat,,poem,"""Casey at the Bat"" tells the story of a confident baseball hero who, to the crowds shock and disappointment, strikes out at a crucial moment, highlighting the unpredictability of sports and the fallibility of even the greatest.",Ernest Lawrence Thayer,1888,,,Slightly Complex,Slightly Complex,Moderately Complex,Moderately Complex,,810L-1000L,8.7,8.53,4 to 8,,ballad poetry,"pride, arrogance, hope, failure, unpredictability","mock-heroic, patriotism, sports",
,,The Rose That Grew From Concrete,,Poem,"""The Rose That Grew from Concrete"" symbolizes resilience and hope, portraying how beauty and strength can emerge from harsh, unforgiving circumstances.",Tupac,1999,,,Very Complex ,Slightly Complex,Slightly Complex,Moderately Complex,,610L-800L,4.0,5.7,9 to 12,,poetry,"resilience, overcoming adversity, facing racism","nature, urban, hopeful, inspiring, social justice",African American
,,The Listeners,,Poem,"""The Listeners"" depicts a mysterious traveler who arrives at a quiet, abandoned house seeking a response, only to be met by silent, ghostly presences, evoking themes of isolation, unanswered questions, and the supernatural.",Walter de la Mare,1912,,,Very Complex,Very Complex ,Very Complex ,Moderately Complex,,610L-800L,13.7,8.48,7 to 9,,narrative poetry,"isolation and solitude, the unspoken, alienation","supernatural, mystery, nature, atmospheric",
,,We Wear The Mask,,poem,"""We Wear the Mask"" reveals how Black Americans hide their pain and suffering behind a facade of happiness, exposing the emotional toll of racism and societal oppression.",Paul Laurence Dunbar,1895,,,Very Complex,Moderately Complex,Moderately Complex ,Very Complex,,610L-800L,6.2,7.38,10 to 12,,poetry,"facing racism, resilience, oppression, inequality, duality","rondeau poetry, social justice, colonialism, social status, deceit",African American
,,Still I Rise,,poem,"""Still I Rise"" is a powerful declaration of resilience and self-worth, celebrating the ability to overcome oppression, prejudice, and hardship with unwavering confidence and pride.",Maya Angelou,1978,,,Very Complex,Moderately Complex,Moderately Complex,Moderately Complex,,810L-1000L,4.1,6.63,8 to 10,,poetry,"facing racism, resilience, oppression, overcoming adversity, defiance","hopeful, inspiring, social justice, identity, empowerment",African American
,,A Dream Within A Dream,,poem,"""A Dream Within a Dream"" explores the elusive nature of reality and the inevitability of loss, questioning whether life itself is just an illusion.",Edgar Allen Poe,1849,,,Very Complex,Moderately Complex,Moderately Complex,Moderately Complex,,610L-800L,4.1,5.96,7 to 12,,lyric poetry,"dreams vs. reality, the passage of time, loss, grief, death","gothic, dark romanticism, philosophical, melancholy",
,,Deer Hit,,poem,"Deer Hit vividly portrays a teenagers reckless drunk-driving accident involving a deer, exploring themes of guilt, responsibility, and strained family relationships.",Jon Loomis,2001,,,Moderately Complex,Moderately Complex,Moderately Complex,Moderately Complex,,610L-800L,4.0,3.34,9 to 12,,narrative poetry,"responsibility, loss of innocence, death, guilt, regret",,
,,Eating Poetry,,poem,"Eating Poetry humorously captures the rebellious and transformative power of poetry, as the speaker literally consumes poems to escape reality and experience their emotional intensity.",Mark Strand,1968,,,Very Complex,Moderately Complex,Moderately Complex,Moderately Complex,,410L-600L,1.5,2.99,9 to 12,,poetry,"power of words, transformation, experience of art","surreal, passion, imagery, imagination, irony, primal, postmodern",
,,And The Ghosts,,poem,"""And the Ghosts reflects on memory and loss, using sparse language to evoke the lingering presence of past experiences that quietly haunt the present.",Graham Foust,2013,,,Very Complex ,Slightly Complex,Slightly Complex,Moderately Complex,,,,3.0,6 to 10,,poetry,"memory, death, control, agency","flash fiction, postmodern, abstract, minimalism, philosophical, supernatural",
,,That Sure Is My Little Dog,,poem,"""That Sure is my Little Dog"" is a poem aboutpushing world problems from one generation onto the next and written as though the speaker is giving advice to a younger generation.",Eleanor Lerman,2005,,,Very Complex,Moderately Complex,Moderately Complex,Very Complex,,810L-1000L,5.6,5.91,11 to 12,,poetry,"identity, resilience, defiance, alienation, disillusionment","generations, social commentary, historical, culture, change",
,,Mother To Son,,poem,"Mother to Son conveys a mothers message of resilience and hope, urging her son to persevere through lifes hardships despite obstacles and setbacks.",Langston Hughes,1922,,,Moderately Complex,Slightly Complex,Slightly Complex,Moderately Complex,,810L-1000L,5.0,5.43,6 to 8 ,,poetry,"resilience, overcoming adversity, facing racism, motherhood","hopeful, empowerment, social injustice, metaphorical",African American
,,Oranges,,poem,"Oranges tells of a young boys tender first date on a cold December day, highlighting his innocent generosity and the warmth of unexpected kindness.",Gary Soto,1983,,,Moderately Complex,Slightly Complex,Slightly Complex,Moderately Complex,,1010L-1200L,7.5,5.87,6 to 9,,narrative poetry,"love, sacrifice, youth, memory, innocence","coming of age, happiness, romantic, symbolism",
,,This Is Just To Say,,poem,"This Is Just to Say is a brief, playful poem in which the speaker casually admits to eating someones plums, expressing both apology and delight in the act.",William Carlos Williams,1934,,,Moderately Complex,Slightly Complex,Slightly Complex,Moderately Complex,,410L-600L,1.8,3.5,5 to 9 ,,poetry,"love, apology, forgiveness, domesticity ","minimalism, imagism, modernism, pleasure",
,,Snow,,poem,Snow explores the fragile boundary between childhood innocence and harsh reality through a tense encounter between two brothers during a snowy walk.,David Berman,1999,,,Very Complex,Moderately Complex,Moderately Complex,Moderately Complex,,410L-600L,2.4,3.91,9 to 12,,poetry,"loss of innocence, storytelling, youth vs age, curiousity","siblings, metaphorical, violence, death, coming of age",
,,So You Want To Be A Writer,,poem,"So You Want to Be a Writer bluntly advises aspiring writers to embrace honesty, perseverance, and the raw, often painful realities of the creative process rather than chasing fame or approval.",Charles Burkowski ,2003,,,Moderately Complex,Moderately Complex,Moderately Complex,Moderately Complex,,810L-1000L,4.5,5.95,6 to 12,,poetry,"power of words, storytelling, passion, sacrifice, purpose, authenticity","suffering, individuality, conformity, creativity, experience of art",
,,We Real Cool,,poem,"We Real Cool succinctly portrays the rebellious lives of young pool players, capturing their defiant attitude and hinting at the fleeting, risky nature of their existence.",Gwendolyn Brooks,1960,,,Very Complex,Moderately Complex,Moderately Complex,Moderately Complex,,,,1.38,7 to 12,,poetry,"youth, mortality, rebellion, identity, conformity","social commentary, defiance, urban, social inequity, masculinity",African American 
,,Do Not Go Gentle Into That Good Night,,poem,"Do Not Go Gentle into That Good Night is a passionate plea urging people to fight against death and to live with fierce resistance, especially in the face of aging and mortality.",Dylan Thomas,1951,,,Very Complex,Moderately Complex,Moderately Complex,Moderately Complex,,810L-1000L,5.6,6.77,8 to 12,,poetry,"death, defiance, the value of life","villanelle poetry, classic, empowerment, loss, bravery",
,,Daddy,,poem,"Daddy is a raw, emotionally charged poem in which the speaker confronts the memory of her oppressive father, using intense imagery to express anger, grief, and a struggle for liberation.",Sylvia Plath,1965,,,Very Complex,Moderately Complex,Very Complex,Very Complex,,810L-1000L,3.6,4.93,9 to 12,,poetry,"trauma, memory, oppression, abuse, gender","anger, female agency, family, psychological, confessional poetry, father-daughter relationships",
,,I Died For Beauty,,poem,"I Died for Beauty reflects on the kinship between truth and beauty through a quiet conversation between two souls in their graves, suggesting that even noble ideals fade with time.",Emily Dickinson,1890,,,Moderately Complex,Moderately Complex,Moderately Complex,Moderately Complex,,810L-1000L,5.1,6.46,9 to 12,,poetry,"death, mortality, beauty, truth, universe indifference","gothic, nature, human insignificance, bleak, sacrifice, philosophical",
,,Annabel Lee,,poem,"Annabel Lee is a hauntingly romantic poem that mourns the loss of a beloved, celebrating their eternal love that even death cannot diminish.",Edgar Allen Poe,1849,,,Moderately Complex,Moderately Complex,Moderately Complex,Moderately Complex,,1010L-1200L,18.2,8.34,7 to 12,,narrative poetry,"death, love, loss, grief, madness, jealousy, passion","gothic, dark romanticism, supernatural, fate, memory",
,,Ode To A Large Tuna In The Market,,poem,"Ode to a Large Tuna in the Market celebrates the humble tuna fish, honoring its strength, vitality, and vital role in lifes cycle through vivid and affectionate imagery.",Pablo Neruda,1954,,,Very Complex,Moderately Complex,Very Complex,Moderately Complex,,1210L-1400L,18.1,10.69,6 to 9 ,,"poetry,ode","death, loss, connection to nature, human impact on the environment, beauty","power, mystery, spirituality, violence, social commentary",Chilean
,,A Total Stranger One Black Day,,poem,"A Total Stranger One Black Day explores multifaceted relationships and the power of forgiveness, creating an unbreakable bond that reflects themes of love, loss, and identity.",e.e. Cummings,1923,,,Very Complex,Very Complex,Moderately Complex ,Very Complex,,,14.2,9.0,8 to 12 ,,poetry,"relationships, transformation, forgiveness, identity, alienation","modernism, minimalism, philosophical, acceptance",
,,The Cremation Of Sam Mcgee,,poem,"The Cremation of Sam McGee humorously recounts a prospectors promise to cremate his dying friend in the Yukons frozen wilderness, leading to a macabre yet witty tale of friendship and survival.",Robert W. Service,1907,,,Moderately Complex,Moderately Complex,Moderately Complex,Moderately Complex,,810L-1000L,9.7,6.96,7 to 12 ,,"narrative poetry,ballad","death, survival, man vs. nature, friendship, greed","mortality, humor, irony, honor",
,,The Highwayman,,poem,"The Highwayman is a dramatic and romantic narrative poem about a daring highwaymans love for Bess, an innkeepers daughter, whose tragic sacrifice ultimately haunts the moor.",Alfred Noyes,1906,,,Moderately Complex ,Moderately Complex,Moderately Complex,Moderately Complex,,1010L-1200L,6.2,7.51,6 to 9 ,,"narrative poetry,ballad","love, death, defiance, courage, sacrifice","dark romanticism, gothic, forbidden love, tragedy",
,,Language Lessons,,poem,"""Language Lessons"" captures a childs early experiences learning language and sounds in kindergarten, blending innocence with new perceptions of the world and others.",Alexandra Teague,2015,,,Moderately Complex,Slightly Complex,Slightly Complex,Moderately Complex,,,6.1,5.81,6 to 12 ,,poetry,"loss of innocence, power of words, importance of language, youth, judgement","identity, education, social commentary, social belonging, motherhood",
,,Mirror,,poem,"Mirror explores themes of self-perception and truth, portraying a mirror as an unflinching witness to a womans changing identity and her struggle with aging.",Sylvia Plath,1961,,,Moderately Complex,Moderately Complex,Moderately Complex,Moderately Complex,,,4.6,4.19,6 to 12 ,,poetry,"identity, passage of time, youth vs age, truth","modernism, time, appearance, confessional poetry, psychological",
,,She Walks In Beauty,,poem,"She Walks in Beauty celebrates a womans serene and radiant beauty, emphasizing the harmony between her outward appearance and inner goodness.",Lord Byron ,1814,,,Moderately Complex,Slightly Complex,Slightly Complex,Moderately Complex,,,15.2,12.0,9 to 12 ,,lyric poetry,"beauty, nature, innocence","femininity, English, Romantic",
,,A Man Said To The Universe,,poem,"A man asserts his existence to the universe, but the universe responds with indifference, acknowledging his presence without granting him significance. The poem highlights the theme of cosmic indifference and humanity's struggle for meaning.",Stephen Crane,1899,,,Moderately Complex ,Slightly Complex,Slightly Complex ,Moderately Complex,,,7.6,7.0,7 to 9 ,,lyric poetry,"human insignificance, universe indifference, purpose","naturalism, realism, existential, philosophical, personification",
,,Tattoo,,poem,"""Tattoo"" reflects on an older man's faded tattoo, once a symbol of youthful rebellion and vitality. The speaker observes how time has softened both the ink and the man himself, suggesting the inevitability of aging and the quiet transformation of identity over time.",Ted Kooser,2003,,,Moderately Complex,Slightly Complex,Slightly Complex,Slightly Complex,,,14.2,8.0,9 to 12 ,,narrative poetry,"the passage of time, youth vs age, identity, memory","symbolism, observation and inference, imagery",
,,IM Nobody! Who Are You?,,poem,"The speaker embraces being a ""Nobody"" and questions the value of fame, suggesting that being anonymous is preferable to the public, performative life of a ""Somebody."" It playfully explores themes of identity and social conformity. ",Emily Dickinson,1891,,,Moderately Complex,Moderately Complex,Moderately Complex,Slightly Complex,,,5.4,2.52,7 to 12 ,,lyric poetry,"identity, individuality, conformity, anonymity, solitude","romanticism, irony, social commentary",
,,A Litany In Time Of Plague,,poem,"In a solemn reflection on the fragility of life during a deadly plague, the poem emphasizes that wealth, beauty, and status are powerless against death, highlighting the universality and inevitability of human mortality.",Thomas Nashe,1593,,,Very Complex,Moderately Complex,Moderately Complex,Very Complex,,,2.9,5.74,9 to 12 ,,litany poetry,"mortality, death, destruction, limits of human agency","Christian values, somber, suffering, Elizabethan",
,,The Raven,,poem,"A grieving man is visited by a mysterious raven. As the bird repeatedly utters the word Nevermore, the man descends into despair, haunted by the loss of his lost love, Lenore, and tormented by the hopelessness of never being reunited with her.",Edgar Allen Poe,1845,,,Very Complex,Very Complex,Very Complex,Moderately Complex,,,11.7,10.51,7 to 12 ,,narrative poetry,"loss, grief, death, madness, memory","supernatural, gothic, psychological, horror, suspense",
,,I Wandered Lonely As A CloudB,,poem,"The speaker has a joyful experience of coming across a field of golden daffodils. The memory of the vibrant flowers uplifts his spirits whenever he feels lonely or down, celebrating natures power to inspire and bring lasting happiness.",William Wordsworth,1807,,,Moderately Complex,Moderately Complex,Moderately Complex,Slightly Complex,,,19.6,12.0,7 to 9 ,,lyric poetry,"nature, memory, solitude, spirituality, imagination","romanticism, imagery, joyful, philosophical",
,,The Hill We Climb,,poem,"The inaugural poem The Hill We Climb is a hopeful and inspiring call for unity and resilience in America. It acknowledges the countrys struggles and divisions but emphasizes collective strength, healing, and the promise of a better future through shared effort and courage.",Amanda Gorman,2021,,,Moderately Complex,Moderately Complex,Moderately Complex,Very Complex,,,9.1,8.21,6 to 12 ,,poetry,"unity, resilience, democracy, progress, bravery, injustice, equality","spoken word poetry, hopeful, political, history, moral responsibility",African American
,,If ,,poem,"If offers advice on how to live with integrity, resilience, and self-discipline. It outlines qualities like patience, courage, humility, and determination as keys to becoming a mature and honorable person.",Rudyard Kipling,1910,,,Moderately Complex ,Moderately Complex,Moderately Complex,Slightly Complex,,,54.7,10.0,7 to 12 ,,poetry,"resilience, morality, honor, courage, self-reliance, humility, overcoming adversity ","Victorian, masculinity, moral responsibility, stoicism",
,,Stopping By Woods On A Snowy Evening,,poem,"The poem describes a quiet moment as the speaker pauses to admire the peaceful, snow-filled woods. Though drawn to their stillness and beauty, he reminds himself of responsibilities and commitments that require him to move on.",Robert Frost,1923,,,Moderately Complex,Slightly Complex,Slightly Complex,Slightly Complex,,,5.6,5.1,5 to 8 ,,poetry,"man vs nature, death, choice, purpose, solitude","modernism, sensational, imagery, personification, rural",
,,Invictus,,poem,"""Invictus expresses unwavering determination and personal strength in the face of adversity. The speaker emphasizes self-mastery and the power of the human will to endure suffering without surrendering to despair.",William Ernest Henley,1888,,,Moderately Complex,Slightly Complex,Moderately Complex ,Slightly Complex ,,,6.5,7.94,7 to 12 ,,lyric poetry,"resilience, fate vs. free will, self-reliance, overcoming adversity","Victorian, suffering, spirituality, empowerment, philosophical",
,,The Doll House,,poem,"The speaker reflects on a childhood dollhouse as a symbol of memory, control, and the passage of time. Through the image of the miniature home, the poem explores themes of nostalgia, loss, and the contrast between imagined order and real-life unpredictability.",A.E. Stallings,2001,,,Very Complex,Moderately Complex,Moderately Complex,Moderately Complex,,,15.0,7.74,9 to 12 ,,poetry,"memory, the passage of time, youth vs age","nostalgic, personification, metaphorical",
,,See It Through,,poem,"See It Through is a motivational call to face challenges with courage and determination. It encourages perseverance in difficult times, emphasizing the importance of inner strength, grit, and never giving up when confronted with fear or hardship.",Edgar Albert Guest,1917,,,Slightly Complex,Slightly Complex,Slightly Complex ,Slightly Complex ,,,6.6,6.74,6 to 8 ,,poetry,"resilience, overcoming adversity, bravery, determination","modernism, inspiring, hopeful",
,,Be The Best Of Whatever You Are,,poem,"""Be the Best of Whatever You Are encourages readers to take pride in who they are and what they do, no matter their role in life. It emphasizes doing one's best with integrity and purpose, regardless of status or position.",Douglas Malloch,1926,,,Slightly Complex,Slightly Complex,Slightly Complex,Slightly Complex,,,11.7,5.54,6 to 8 ,,poetry,"self-acceptance, diversity, determination","inspiring, hopeful, social commentary",
,,On Turning Ten,,poem,"In a reflection of the bittersweet experience of leaving childhood behind, the speaker mourns the loss of youthful innocence and imagination, recognizing that growing older means facing a more complicated and less magical world. ",Billy Collins,1995,,,Moderately Complex,Moderately Complex,Slightly Complex,Slightly Complex ,,,7.8,6.32,6 to 8 ,,poetry,"youth vs age, loss of innocence, suffering, imagination","coming of age, somber, bittersweet",
,,Harlem,,poem,"Harlem focuses on the experiences of African Americans in Harlem, highlighting the social and racial injustices that force many to delay or abandon their dreams. It explores the frustration and consequences of deferred dreams, questioning what happens when hopes and aspirations are continually postponed. ",Langston Hughes,1951,,,Very Complex ,Moderately Complex,Moderately Complex,Very Complex,,,1.4,3.78,6 to 12 ,,poetry,"racism, injustice, dreams vs. reality, social justice","American dream, Civil rights, revolution, social commentary, Harlem Renaissance",African American
,,O Captain My Captain,,poem,"O Captain! My Captain! is an elegy mourning the death of a beloved leader, widely interpreted as President Abraham Lincoln. The poem uses the metaphor of a ships captain who has successfully guided his vessel through a storm, only to die just as the journey ends, expressing both sorrow and a sense of victory.",Walt Whitman ,1865,,,Moderately Complex,Moderately Complex,Moderately Complex,Moderately Complex,,,4.2,7.09,8 to 12 ,,"poetry,elegy","grief, loss, patriotism, victory","masculinity, heroism, classic, sensational",
,,The Giver,179.0,Novel ,Jonas is selected as the Reciever of Memory and this makes him question the sameness and controlled emotions of his dystopian society.,Lois Lowry,1993,,,Very Complex,Moderately Complex ,Moderately Complex ,Very Complex,,760,4.51,4.97,6 to 8,,Dystopian Fiction,"Memory, individuality, societal control","coming of age, science fiction, sensational, choice, bittersweet",
,,A Wrinkle In Time,256.0,Novel ,"Meg travels through time and space with her brother and friend to rescue her father, which leads her to question the power of darkness and discover the strength of love and individuality.",Madeleine L'Engle,1962,,,Very Complex,Very Complex,Very Complex,Very Complex,,740,4.51,4.97,5 to 7 ,,science fiction ,"individuality, freedom vs. control, love, community","coming of age, Christian values, fantasy, family, adventure, science",
,,The Lightning Thief,416.0,Novel ,"Percy Jackson discovers he is a demigod and is accused of stealing Zeuss lightning bolt, prompting him to embark on a quest that reveals his true identity and challenges the gods control over the mortal world.",Rick Riordan,2005,,,Moderately Complex,Moderately Complex ,Moderately Complex ,Very Complex,,680,1.98,2.75,5 to 9 ,,fantasy fiction ,"identity, friendship, heroism vs. normalcy ","coming of age, belonging, fantasy, sardonic, young adult literature, hero's journey",Greek Mythology 
,,Wonder,310.0,Novel ,"Auggie Pullman, a boy with a facial difference, attends school for the first time and faces bullying and kindness that ultimately transform his communitys views on acceptance and empathy.",R.J. Palacio ,2012,,,Moderately Complex,Moderately Complex ,Moderately Complex ,Moderately Complex,,790,4.51,4.97,3 to 7 ,,realistic fiction ,"kindness, social belonging, the cruelty of bullying, identity, friendship, acceptance","coming of age, family, hopeful, humorous, isolation, self-discovery",
,,Bridge To Terabithia,176.0,Novel ,"Jesse Aarons forms a deep friendship with Leslie Burke, and together they create the imaginary world of Terabithia, but her sudden death forces him to confront grief and find strength through their shared creativity.",Katherine Paterson ,1977,,,Moderately Complex,Slightly Complex,Moderately Complex ,Moderately Complex,,810,4.51,4.97,4 to 7 ,,realistic fiction ,"friendship, loss, grief, individuality, gender","coming of age, bittersweet, children's literature, imagination and escapism ",
,,Holes,233.0,Novel,"Stanley Yelnats is sent to a juvenile detention camp where he must dig holes as punishment, but he uncovers a hidden family curse and a buried mystery that changes his destiny.",Louis Sachar,1998,,,Moderately Complex,Moderately Complex,Moderately Complex,Moderately Complex,,660,1.98,2.75,5 to 8 ,,realistic fiction,"friendship, fate vs. free will, justice, cruelty vs kindness","racism, magical realism, young adult literature, mystery, adventure",
,,Hatchet,192.0,Novel ,"After a plane crash leaves him stranded in the wilderness, thirteen-year-old Brian must learn to survive alone, discovering resilience and self-reliance in the face of natures challenges.",Gary Paulsen,1986,,,Moderately Complex,Moderately Complex,Moderately Complex,Moderately Complex,,1020,6.51,7.0,5 to 10 ,,"fiction, bildungsroman","survival, isolation, man vs. nature ","coming of age, adventure, young adult literature, personal growth, resilience",
,,The Book Thief,584.0,Novel ,"Liesel steals books and learns to read in Nazi Germany, using the power of words to cope with loss and resist the horrors of war as Death narrates her story.",Markus Zusak,2005,,,Very Complex,Very Complex,Very Complex,Very Complex,,730,5.34,5.14,7 to 12 ,,historical fiction ,"death, burdens of war, cruelty vs kindness, friendship, power of words","coming of age, tear-jerker, sardonic, emotional, hardship ",Holocaust/Jewish
,,Little Women,750.0,Novel ,"The March sistersMeg, Jo, Beth, and Amyeach follow different paths to womanhood, revealing the struggles and strength of family, identity, and independence.",Louisa May Alcott,1868,,,Moderately Complex,Moderately Complex,Very Complex,Very Complex,,1300,8.32,9.67,6 to 12 ,,"fiction, historical fiction ","family, love, ambition, gender roles, identity, sacrifice","coming of age, Civil War, romance, family drama, classic ",
,,Jacob Have I Loved,256.0,Novel,"Jacob Have I Loved by Katherine Paterson tells the story of Louise Bradshaw, a jealous and self-doubting girl growing up in her twin sister's shadow on a Chesapeake Bay island, as she struggles to find her identity, independence, and self-worth.",Katherine Paterson,1980,,,Moderately Complex,Moderately Complex,Moderately Complex,Very Complex,,880,5.34,5.14,7 to 12,,historical fiction,"identity, independence, family, self-worth","coming of age, sibling rivalry, World War II",
,,I Am Malala,327.0,Memoir,"I am Malala is the remarkable tale of a family uprooted by global terrorism, of the fight for girls' education, of a father who, himself a school owner, championed and encouraged his daughter to write and attend school, and of brave parents who have a fierce love for their daughter in a society that prizes sons.",Christina Lamb and Malala Yousafzai,2013,,,Moderately Complex,Moderately Complex,Moderately Complex,Very Complex,,830,5.34,5.14,7 to 12,,autobiography,"burdens of war, education, resilience, family, survival","activism, non-fiction, war",Pashtun (set in Pakistan)
,,I Know Why The Caged Bird Sings,304.0,Memoir,"An autobiography describing the young and early years of writer and poet Maya Angelou in the segregated South, this book explores how Maya' strength of character and love of literature helped her navigate racism and trauma. ",Maya Angelou,1969,,,Very Complex,Very Complex,Very Complex,Very Complex,,1010,6.51,7.0,9 to 12 ,,autobiography ,"facing racism, gender roles, self-acceptance, freedom vs control, power of words, belonging","coming of age, personal growth, religion, American South, descriptions of sexual abuse",African American 
,,Slaughterhouse-Five,200.0,Novel ,"Billy Pilgrim becomes ""unstuck in time"" after surviving the bombing of Dresden, and his nonlinear experiences with war, trauma, and alien abduction lead him to question the nature of free will and human suffering.",Kurt Vonnegut,1969,,,Exceedingly Complex,Very Complex,Very Complex,Very Complex,,850,4.51,4.97,9 to 12 ,,"science fiction, historical fiction ","burdens of war, death, fate vs. free will, imagination, human nature","pyschological, philosophical, satire, absurdity, dark, World War II ",
,,The Maze Runner,375.0,Novel ,"Thomas wakes up in the Glade with no memory of his past, and as he joins a group of boys trapped in a deadly and ever-changing maze, he begins to question the truth behind their imprisonment and the organization controlling them.",James Dashner,2009,,,Very Complex,Moderately Complex,Moderately Complex,Moderately Complex,,770,4.51,4.97,7 to 9 ,,science fiction ,"survival, sacrifice, identity, memory, friendship, freedom","dystopian, young adult literature, adventure, suspense",
,,Stargirl,169.0,Novel,"When the eccentric and free-spirited Stargirl arrives at her new high school, her uniqueness makes her an outcast, and this forces her classmate, Leo, to question the value of fitting in versus staying true to oneself.",Jerry Spinelli,2000,,,Moderately Complex,Moderately Complex,Slightly Complex ,Slightly Complex ,,590,1.98,2.75,6 to 9 ,,realistic fiction ,"identity, belonging, conformity, friendship, kindness, acceptance ","young adult literature, romance, heartfelt, personal growth",
,,Crime And Punishment,720.0,Novel,"Crime and Punishment is a psychological novel thatexplores the moral and psychological consequences of crime as its protagonist, Rodion Raskolnikov, an impoverished student, justifies his murder of an old pawnbroker.",Fyodor Dostoevsky,1866,,,Exceedingly Complex,Exceedingly Complex,Exceedingly Complex,Exceedingly Complex,,850,6.12,6.0,11 to 12,,psychological fiction,"loss of innocence, morality, good vs. evil","good vs. evil, redemption, guilt,  poverty, crime",
,,Uncle Tom'S Cabin,266.0,Novel,"Uncle Tom, a deeply religious and compassionate enslaved man, is sold to increasingly cruel owners, leading him to endure great suffering and ultimately inspiring others through his unwavering faith. His journey exposes the brutality of slavery and challenges the moral conscience of a divided nation.",Harriet Beecher Stowe,1852,,,Very Complex ,Moderately Complex ,Very Complex ,Very Complex ,,1050,8.32,9.67,9 to 12 ,,fiction ,"justice, freedom, facing racism, family, cruelty vs kindness, morality ","classic, historical, abolitionist, slavery, Christian values ",African American 
,,Wuthering Heights,359.0,Novel ,"Lockwood, a new tenant on the Yorkshire moors, uncovers the dark history of Wuthering Heights and the doomed love between Heathcliff, a brooding outsider, and Catherine Earnshaw. Catherines choice to marry for status rather than love drives Heathcliff to revenge, a legacy of pain that haunts the next generation.",Emily Bront,1847,,,Very Complex,Exceedingly Complex,Very Complex,Very Complex,,880,4.51,4.97,6 to 12 ,,gothic fiction ,"love, destruction, revenge, legacy of heritage, family ","supernatural, gender roles, social class, romance, psychological ",
,,The Perks Of Being A Wallflower,224.0,Novel,"Charlie, an introverted high school freshman, navigates the challenges of adolescence, mental health, and first love through a series of letters as he tries to find his place in the world. With the help of new friends Sam and Patrick, he begins to step out of the shadows and confront the trauma of his past.",Stephen Chbosky,1999,,,Moderately Complex ,Moderately Complex ,Slightly Complex,Very Complex,,720,4.51,4.97,9 to 12 ,,realistic fiction ,"friendship, the power of words, mental illness, relationships, identity ","coming of age, young adult literature, epistolary, emotional, trauma ",LGBTQ+
,,Twleve Angry Men,96.0,Drama,"When a jury of twelve men must decide the fate of a teenage boy accused of murder, one juror stands alone in questioning the evidence. As tensions rise in the jury room, each man confronts his own biases, and the case becomes a test of justice, reason, and integrity.",Reginald Rose,1964,,,Very Complex,Moderately Complex ,Moderately Complex,Moderately Complex,,,7.72,7.2,7 to 12 ,,"fiction, drama","justice, prejudice, human nature, conformity, racial inequality ","classic, criminal justice system, doubt, pyschological ",
,,The Old Man And The Sea,128.0,Novel,"Santiago, an aging Cuban fisherman, endures a grueling battle with a giant marlin far out in the Gulf Stream after weeks of bad luck. His physical struggle becomes a quiet, powerful reflection on pride, perseverance, and the dignity found in enduring hardship.",Ernest Hemingway,1952,,,Very Complex,Moderately Complex ,Slightly Complex,Moderately Complex,,940,4.51,5.1,7 to 12,,"fiction, classic ","resilience, friendship, man vs nature, pride, destruction, youth vs. age","classic, allegory, religion, heroism, adventure, nautical",
,,The Road,287.0,Novel,"In a bleak, post-apocalyptic world, a father and his young son journey through a devastated landscape, struggling to survive while holding onto hope and their moral code. As they face hunger, danger, and despair, their bond becomes a quiet testament to love, humanity, and endurance in a ruined world.",Cormac McCarthy,2006,,,Very Complex ,Very Complex,Very Complex,Very Complex,,670,4.51,4.0,9 to 12 ,,"fiction, dystopian fiction","family, survival, hope, memory, faith, resilience, good vs evil ","post-apocalyptic, science fiction, dystopian, father-son relationships, morality ",
,,They Called Us Enemy,193.0,Graphic Novel ,"In this graphic memoir, actor George Takei recounts his childhood experiences in a Japanese American internment camp during World War II. Through his family's story, the book explores themes of injustice, resilience, and the importance of speaking out against prejudice and government abuse.",George Takei ,2019,,,Very Complex,Moderately Complex ,Moderately Complex,Moderately Complex,,680,4.51,4.97,7 to 12 ,,memoir,"facing racism, justice, family, war, community, courage, democracy","autobiographical, graphic novel, history, civic responsibility",Japanese American
,,The Joy Luck Club,288.0,Novel,"Four Chinese American daughters and their immigrant mothers navigate cultural identity, generational conflict, and personal history as they share their stories through the lens of the Joy Luck Club. Through intertwined narratives, the novel explores the complex bonds between mothers and daughters, shaped by loss, resilience, and the blending of two worlds.",Amy Tan ,1989,,,Very Complex,Very Complex,Moderately Complex,Very Complex,,930,8.4,5.7,9 to 12 ,,realistic fiction ,"legacy of heritage, family, cultural identity, immigrant experience, generational divide","mother-daughter relationships, american dream, storytelling, coming of age",Chinese American/Asian American 
,,The Iliad,600.0,Epic Poem,"Set during the Trojan War, The Iliad focuses on the wrath of the Greek warrior Achilles after a dispute with Agamemnon, which leads to devastating consequences for both sides. As gods intervene and heroes fall, the epic explores themes of honor, fate, glory, and the brutal cost of war.",Homer,800 BCE,,,Very Complex,Exceedingly Complex,Exceedingly Complex,Exceedingly Complex,,1330,9.0,11.3,7 to 12 ,,"classic, epic poem ","fate vs. free will, war, love, friendship, mortality, honor, divine intervention ","mythology, classic, fantasy, hero's journey, adventure",Greek Mythology 
,,Purple Hibiscus,336.0,Novel,"Fifteen-year-old Kambili grows up in a strict and oppressive household under her devoutly religious father in Nigeria, until a visit to her aunts more liberal home exposes her to new ways of thinking. As political unrest brews outside and family tensions rise within, Kambili begins to find her voice and question the limits of faith, freedom, and love.",Chimamanda Ngozi Adichie,2003,,,Very Complex,Very Complex,Moderately Complex ,Very Complex,,920,8.0,5.8,9 to 12 ,,realistic fiction ,"freedom vs. control, family, facing racism, religion","coming of age, colonialism, African, gender roles",African/Nigerian/Igbo
,,Anne Of Green Gables,320.0,Novel,"When imaginative and spirited orphan Anne Shirley is mistakenly sent to live with elderly siblings Marilla and Matthew Cuthbert on Prince Edward Island, her presence turns their quiet lives upside down. As Anne grows up, she learns to navigate friendship, family, and self-discovery, bringing joy and change to the world around her.",Lucy Maud Montgomery,1908,,,Moderately Complex ,Slightly Complex,Moderately Complex,Slightly Complex,,970,7.5,7.3,3 to 8 ,,"fiction, classic","imagination, creativity, friendship, family, gender roles, individuality","coming of age, classic, children's literature, historical fiction, sentimental ",
,,And Then There Were None,272.0,Novel,"In And Then There Were None, ten strangers lured to a remote island are killed one by one in accordance with a sinister nursery rhyme, until it is revealed through a posthumous confession that the mastermind, Judge Wargrave, orchestrated the murders to deliver his own twisted form of justice.",Agatha Christie,1939,,,Very Complex,Very Complex,Very Complex,Very Complex,,570,3.64,3.24,7 to 12,,psychological fiction,"fear, good vs. evil, justice, corruption","horror, isolation, guilt, manipulation, power and control",
,,"The Lion, The Witch And The Wardrobe",208.0,Novel,"Four siblings enter a magical wardrobe and find themselves in Narnia, and this leads them to join a battle against the evil White Witch to bring hope and freedom to the land.",C. S. Lewis,1950,,,Moderately Complex ,Moderately Complex ,Slightly Complex,Slightly Complex,,940,6.0,5.7,4 to 9,,fantasy fiction,"good vs. evil, family, friendship, bravery, betrayal, forgiveness","Christian values, allegory, children's literature, classic, adventure, portal fantasy",
,,All American Boys,320.0,Novel,"Rashad, a black teenager is wrongfully accused of theft and Quinn, a white teengager, witnesses the incident, forcing them to confront issues of racism, police brutality, and friendship in their community. ",Jason Reynolds,2015,,,Very Complex,Moderately Complex ,Slightly Complex,Moderately Complex,,770,5.0,4.9,7 to 12 ,,realistic fiction,"facing racism, cultural identity, police brutality, systemic racism ","coming of age, young adult literature, father-son relationships, heroism",African American
,,Educated,351.0,Memoir,"Tara Westover recounts her journey from growing up in a strict, isolated Mormon family with no formal education, and this motivates her to pursue knowledge that ultimately reshapes her identity and life path. Through education, she struggles to reconcile her desire for independence with loyalty to her family and their deeply ingrained beliefs.",Tara Westover,2018,,,Very Complex,Moderately Complex ,Moderately Complex ,Moderately Complex,,870,6.12,6.4,9 to 12 ,,"memoir, autobiography","family, identity, education, self-discovery, religion, abuse","coming of age, inspiring, emotional, personal growth, resilience",Mormon
,,"Alas, Babylon",352.0,Novel,"After a nuclear war devastates the United States, Randy Bragg and his small Florida town struggle to survive in isolation, ultimately rebuilding a self-sufficient and resilient community amid the collapse of civilization.",Pat Frank,1959,,,Moderately Complex ,Moderately Complex ,Very Complex,Very Complex,,870,6.12,6.0,7 to 12,,science fiction ,"survival, human nature, community, burdens of war, nuclear war","post-apocalyptic, moral responsibility, resilience, ",
,,Alice'S Adventures In Wonderland,70.0,Novel,"In Alices Adventures in Wonderland, Alice follows a White Rabbit down a hole into a fantastical world where she encounters bizarre creatures, undergoes size changes, and navigates a series of absurd, dreamlike adventures before waking up on the riverbank where it all began.",Lewis Carroll,1865,,,Very Complex,Moderately Complex ,Very Complex,Very Complex,,880,5.34,5.14,3 to 12,,portal fantasy,"identity, loss of innocence, dreams vs. reality","nonsensical, adventure, curiousity, fantasy",
Erin,,A Man Called Ove,368.0,Novel,"The novel A Man Called Ove alternates between Oves childhood and his present as a curmudgeonly widower who, after multiple failed suicide attempts, finds renewed purpose through unexpected friendships with his new neighbors, a stray cat, and a changing community that gradually draws him out of his grief.",Fredrik Backman,2012,,,Very Complex,Moderately Complex ,Very Complex,Very Complex,,870,6.12,6.0,9 to 12,,humorous fiction,"acceptance of change, grief, community","resilience, loss, suicide attempts, morality",
Erin,,A Raisin In The Sun,151.0,Drama,"A Raisin in the Sun follows the Younger family as they struggle with conflicting dreams, racial discrimination, and economic hardship in 1950s Chicago, ultimately choosing dignity, unity, and hope by moving into a new home despite the risks.",Lorraine Hansberry,1959,,,Moderately Complex ,Moderately Complex ,Moderately Complex ,Very Complex,,970,7.72,7.03,7 to 12,,realistic drama,"race, identity, family","The American Dream, gender roles, dignity, resilience",African American
Erin,,As I Lay Dying,208.0,Novel,"Addie Bundrens dying wish to be buried in her hometown sets her impoverished family on a grueling journey fraught with physical hardships, personal struggles, and secrets, culminating in her burial and the fracturing of the family, especially with her son Darls mental breakdown and Dewey Dells desperate attempts to deal with her unwanted pregnancy.",William Faulkner,1930,,,Very Complex,Very Complex,Very Complex,Very Complex,,870,6.12,6.0,10 to 12,,historical fiction,"family, mortality, communication, isolation","identity, responsibility, American South, truth",African American
Erin,,Code Talker,240.0,Novel,"Ned Begay, a Navajo Marine, recounts his journey from a childhood of cultural suppression in boarding school to becoming a celebrated World War II code talker, ultimately sharing his story with his grandchildren to honor his heritage and inspire future generations.",Joseph Bruchac,2005,,,Moderately Complex ,Moderately Complex ,Moderately Complex ,Very Complex,,910,6.51,7.0,6 to 12,,historical fiction,"oppression, identity, the power of language, sacrifice","war, World War II, memory, coming of age, resilience",American Indian
Erin,,David Copperfield,1024.0,Novel,"David Copperfield recounts his life from a troubled childhood through personal loss, love, and betrayal, ultimately finding purpose, maturity, and happiness through love, hard work, and writing.",Charles Dickens,1850,,,Very Complex,Very Complex,Exceedingly Complex,Very Complex,,1070,8.32,9.67,9 to 12,,historical fiction,"class and society, self-discovery, family, loss of innocence","coming of age, resilience, loss, love, morality",
Ainsley,,East Of Eden,600.0,Novel,East of Eden is a multigenerational family saga that explores the struggle between good and evil through the intertwined lives of the Trask and Hamilton families in Californias Salinas Valley.,John Steinbeck,1952,,,Very Complex,Very Complex,Moderately Complex,Very Complex,,700,7.72,7.03,9 to 12,,historical fiction,"fate vs free will, good vs. evil, family","allegory, generations, family drama, thought-provoking, rural",
Ainsley,,Eleanor And Park,320.0,Novel,"Eleanor and Park fall in love over comics and mixtapes, but their relationship makes them question the cruelty, abuse, and expectations of their 1980s high school world.",Rainbow Rowell,2012,,,Very Complex,Moderately Complex,Moderately Complex,Very Complex,,580,5.34,5.14,9 to 12,,realistic fiction,"love, relationships, family, identity","coming of age, descriptions of sexual abuse, the cruelty of bullying, trauma, belonging",Asian American/Biracial
Ainsley,,How The Garcia Girls Lost Their Accents,336.0,Novel,"Four sisters navigate their immigrant experience, cultural identity, and family dynamics after moving from the Dominican Republic to the United States.",Julia Alvarez,1991,,,Very Complex,Moderately Complex,Moderately Complex,Very Complex,,950,6.51,7.0,9 to 12,,fiction,"cultural identity, legacy of heritage, the importance of language","coming of age, immigrant experience, family drama, self-discovery, storytelling",Latina
Ainsley,,I Am Not Your Perfect Mexican Daughter,352.0,Novel,"After the sudden death of her seemingly perfect sister, Julia struggles with grief, family expectations, and finding her own identity as a rebellious Mexican American teen caught between two cultures.",Erika L. Snchez,2017,,,Very Complex,Moderately Complex,Moderately Complex,Very Complex,,730,5.34,5.14,7 to 12,,realistic fiction,"cultural identity, legacy of heritage, family, self-discovery","grief, mental health, coming of age, young adult literature, rebellion, mother-daughter relationships",Latina
Erin,,Importance Of Being Earnest,58.0,Drama,"Jack Worthing and Algernon Moncrieff both lead double lives under the name ""Ernest"" to pursue love and freedom, but their deceptions unravel when they both fall for women fixated on the name Ernest, leading to comedic misunderstandings and a surprising family revelation.",Oscar Wilde,1895,,,Very Complex,Exceedingly Complex,Exceedingly Complex,Exceedingly Complex,,1390,14.2,14.1,9 to 12,,historical fiction,"social class, identity, hypocrisy, marriage","Victorian, social satire, deception, irony, truth",
Erin,,Much Ado About Nothing,246.0,Drama,"In the Italian town of Messina, misunderstandings and deception threaten the happiness of two couplesClaudio and Hero, and Beatrice and Benedickbut love ultimately triumphs through truth, forgiveness, and reconciliation.",William Shakespeare,1600,,,Very Complex,Exceedingly Complex,Exceedingly Complex,Exceedingly Complex,,1020,7.72,7.03,10 to 12 ,,"classic, drama","deception, love, redemption","gender roles, honor, humor, loyalty",
Ashly,,One Hundred Years Of Solitude,417.0,Novel,"Jos Arcadio Buenda founds the town of Macondo, and as his familys generations unfold, they struggle with solitude, fate, and repeating the mistakes of the past in a world shaped by magical realism.",Gabriel Garcia Marquez,2006,,,Exceedingly Complex,Exceedingly Complex,Exceedingly Complex,Moderately Complex,,1410,10.22,10.84,9 to 12,,historical fiction,"isolation, time, family","magical realism, epic, political, generations, memory, sexuality",Latino (Latin America)
Ainsley,,The Scarlet Pimpernel,319.0,Novel,"A daring English nobleman leads a secret double life rescuing French aristocrats from the guillotine during the Reign of Terror, all while maintaining the faade of a carefree socialite.",Baroness Emmuska Orczy,1905,,,Moderately Complex,Moderately Complex,Moderately Complex,Very Complex,,1140,10.34,9.98,7 to 12,,historical fiction,"identity, loyalty, courage","society and class, revolution, history, adventure, heroism, romance",
Ainsley,,Sir Knight Of The Splendid Way,134.0,Novel,"A young squire named Sir Constant is knighted into service of the Great King and embarks on an allegorical quest along the Splendid Waybattling temptations from figures like the Black Knight, the Whisperer, and Master Envyas he journeys through trials toward the City of the Great King.", W. E. Cule ,1926,,,Very Complex,Moderately Complex,Very Complex,Very Complex,,,,,5 to 12 ,,fantasy fiction,"morality, spirituality, faith ","allegory, Christian values, medieval, quest, self-discovery",
Ainsley,,The Boy In The Striped Pajamas,224.0,Novel,"When Bruno, the son of a Nazi commandant, befriends a Jewish boy on the other side of a concentration camp fence, their innocent friendship leads to a heartbreaking and tragic conclusion.",John Boyne,2006,,,Very Complex,Moderately Complex,Moderately Complex,Very Complex,,1000,7.72,7.03,7 to 12 ,,historical fiction,"loss of innocence, friendship, prejudice","tear-jerker, tragedy, World War II, burdens of war, family, freedom vs control",Holocaust/Jewish
Ainsley,,The Thing Around Your Neck,300.0,Short-Story Collection,"In these twelve stories, Chimamanda Ngozi Adichie explores the emotional and cultural tensions faced by Nigerians navigating life between Africa and the United States, illuminating with beauty, sorrow, and emotional wisdom the ties that bind families, lovers, and identities across continents.",Chimamanda Ngozi Adichie,2009,,,Very Complex,Moderately Complex,Moderately Complex,Very Complex,,,,,9 to 12,,fiction,"colonialism, racism, cultural identity","gender roles, immigration, relationships, political, the American dream",Nigerian/African American
